nflId,season,teamId,displayName,firstName,middleName,lastName,suffix,status,positionGroup,position,esbId,gsisId,homeTown,collegeId,collegeName,height,weight,headshot_url,profile_url,birthDate,jerseyNumber
182,2008,2120,Xavier Adibi,Xavier,Oyekola,Adibi,,ACT,LB,OLB,ADI219645,00-0026258,Stillwater, OK,5859,Virginia Tech,6-2,232,http://static.nfl.com/static/content/public/static/img/fantasy/transparent/200x200/ADI219645.png,http://www.nfl.com/player/xavieradibi/182/profile,1984-10-18,52
182,2009,2120,Xavier Adibi,Xavier,Oyekola,Adibi,,ACT,LB,LB,ADI219645,00-0026258,Stillwater, OK,5859,Virginia Tech,6-2,242,http://static.nfl.com/static/content/public/static/img/fantasy/transparent/200x200/ADI219645.png,http://www.nfl.com/player/xavieradibi/182/profile,1984-10-18,52
182,2010,2120,Xavier Adibi,Xavier,Oyekola,Adibi,,ACT,LB,OLB,ADI219645,00-0026258,Stillwater, OK,5859,Virginia Tech,6-2,242,http://static.nfl.com/static/content/public/static/img/fantasy/transparent/200x200/ADI219645.png,http://www.nfl.com/player/xavieradibi/182/profile,1984-10-18,52
182,2011,3000,Xavier Adibi,Xavier,Oyekola,Adibi,,ACT,LB,LB,ADI219645,00-0026258,Stillwater, OK,5859,Virginia Tech,6-2,242,http://static.nfl.com/static/content/public/static/img/fantasy/transparent/200x200/ADI219645.png,http://www.nfl.com/player/xavieradibi/182/profile,1984-10-18,57
182,2012,2100,Xavier Adibi,Xavier,Oyekola,Adibi,,ACT,LB,LB,ADI219645,00-0026258,Stillwater, OK,5859,Virginia Tech,6-2,242,http://static.nfl.com/static/content/public/static/img/fantasy/transparent/200x200/ADI219645.png,http://www.nfl.com/player/xavieradibi/182/profile,1984-10-18,58
184,2008,2510,Donnie Avery,Donnie,Dion,Avery,,ACT,WR,WR,AVE422211,00-0026173,Houston, TX,6870,Houston,5-11,184,http://static.nfl.com/static/content/public/static/img/fantasy/transparent/200x200/AVE422211.png,http://www.nfl.com/player/donnieavery/184/profile,1984-06-12,17
184,2009,2510,Donnie Avery,Donnie,Dion,Avery,,ACT,WR,WR,AVE422211,00-0026173,Houston, TX,6870,Houston,5-11,183,http://static.nfl.com/static/content/public/static/img/fantasy/transparent/200x200/AVE422211.png,http://www.nfl.com/player/donnieavery/184/profile,1984-06-12,17
184,2010,2510,Donnie Avery,Donnie,Dion,Avery,,RES,WR,WR,AVE422211,00-0026173,Houston, TX,6870,Houston,5-11,183,http://static.nfl.com/static/content/public/static/img/fantasy/transparent/200x200/AVE422211.png,http://www.nfl.com/player/donnieavery/184/profile,1984-06-12,17
184,2011,2100,Donnie Avery,Donnie,Dion,Avery,,ACT,WR,WR,AVE422211,00-0026173,Houston, TX,6870,Houston,5-11,183,http://static.nfl.com/static/content/public/static/img/fantasy/transparent/200x200/AVE422211.png,http://www.nfl.com/player/donnieavery/184/profile,1984-06-12,82
184,2012,2200,Donnie Avery,Donnie,Dion,Avery,,ACT,WR,WR,AVE422211,00-0026173,Houston, TX,6870,Houston,5-11,200,http://static.nfl.com/static/content/public/static/img/fantasy/transparent/200x200/AVE422211.png,http://www.nfl.com/player/donnieavery/184/profile,1984-06-12,11
184,2013,2310,Donnie Avery,Donnie,Dion,Avery,,ACT,WR,WR,AVE422211,00-0026173,Houston, TX,6870,Houston,5-11,200,http://static.nfl.com/static/content/public/static/img/fantasy/transparent/200x200/AVE422211.png,http://www.nfl.com/player/donnieavery/184/profile,1984-06-12,17
184,2014,2310,Donnie Avery,Donnie,Dion,Avery,,ACT,WR,WR,AVE422211,00-0026173,Houston, TX,6870,Houston,5-11,200,http://static.nfl.com/static/content/public/static/img/fantasy/transparent/200x200/AVE422211.png,http://www.nfl.com/player/donnieavery/184/profile,1984-06-12,17
188,2008,4500,Kentwan Balmer,Kentwan,Jalile,Balmer,,ACT,DL,DE,BAL748542,00-0026169,Ahoskie, NC,5816,North Carolina,6-5,315,http://static.nfl.com/static/content/public/static/img/fantasy/transparent/200x200/BAL748542.png,http://www.nfl.com/player/kentwanbalmer/188/profile,1986-10-15,96
188,2009,4500,Kentwan Balmer,Kentwan,Jalile,Balmer,,RES,DL,DE,BAL748542,00-0026169,Ahoskie, NC,5816,North Carolina,6-5,315,http://static.nfl.com/static/content/public/static/img/fantasy/transparent/200x200/BAL748542.png,http://www.nfl.com/player/kentwanbalmer/188/profile,1986-10-15,96
188,2010,4600,Kentwan Balmer,Kentwan,Jalile,Balmer,,ACT,DL,DE,BAL748542,00-0026169,Ahoskie, NC,5816,North Carolina,6-5,315,http://static.nfl.com/static/content/public/static/img/fantasy/transparent/200x200/BAL748542.png,http://www.nfl.com/player/kentwanbalmer/188/profile,1986-10-15,95
188,2011,5110,Kentwan Balmer,Kentwan,Jalile,Balmer,,ACT,DL,DE,BAL748542,00-0026169,Ahoskie, NC,5816,North Carolina,6-5,315,http://static.nfl.com/static/content/public/static/img/fantasy/transparent/200x200/BAL748542.png,http://www.nfl.com/player/kentwanbalmer/188/profile,1986-10-15,93
188,2012,5110,Kentwan Balmer,Kentwan,Jalile,Balmer,,NWT,DL,DE,BAL748542,00-0026169,Ahoskie, NC,5816,North Carolina,6-5,317,http://static.nfl.com/static/content/public/static/img/fantasy/transparent/200x200/BAL748542.png,http://www.nfl.com/player/kentwanbalmer/188/profile,1986-10-15,93
190,2008,1050,Beau Bell,Beau,Beaumont,Bell,,RES,LB,LB,BEL201526,00-0026244,Tustin, CA,4861,Nevada-Las Vegas,6-1,250,http://static.nfl.com/static/content/public/static/img/fantasy/transparent/200x200/BEL201526.png,http://www.nfl.com/player/beaubell/190/profile,1986-05-26,58
190,2009,1050,Beau Bell,Beau,Beaumont,Bell,,CUT,LB,LB,BEL201526,00-0026244,Tustin, CA,4861,Nevada-Las Vegas,6-1,250,http://static.nfl.com/static/content/public/static/img/fantasy/transparent/200x200/BEL201526.png,http://www.nfl.com/player/beaubell/190/profile,1986-05-26,58
196,2008,5110,Colt Brennan,Colt,James,Brennan,,ACT,QB,QB,BRE307886,00-0026326,Laguna Beach, CA,4867,Hawaii,6-3,212,http://static.nfl.com/static/content/public/static/img/fantasy/transparent/200x200/BRE307886.png,http://www.nfl.com/player/coltbrennan/196/profile,1983-08-16,5
196,2009,5110,Colt Brennan,Colt,James,Brennan,,RES,QB,QB,BRE307886,00-0026326,Laguna Beach, CA,4867,Hawaii,6-3,206,http://static.nfl.com/static/content/public/static/img/fantasy/transparent/200x200/BRE307886.png,http://www.nfl.com/player/coltbrennan/196/profile,1983-08-16,5
196,2010,2520,Colt Brennan,Colt,James,Brennan,,CUT,QB,QB,BRE307886,00-0026326,Laguna Beach, CA,4867,Hawaii,6-3,215,http://static.nfl.com/static/content/public/static/img/fantasy/transparent/200x200/BRE307886.png,http://www.nfl.com/player/coltbrennan/196/profile,1983-08-16,5
198,2008,1800,Brian Brohm,Brian,Joseph,Brohm,,ACT,QB,QB,BRO095850,00-0026196,Louisville, KY,1838,Louisville,6-3,223,http://static.nfl.com/static/content/public/static/img/fantasy/transparent/200x200/BRO095850.png,http://www.nfl.com/player/brianbrohm/198/profile,1985-09-23,11
198,2009,610,Brian Brohm,Brian,Joseph,Brohm,,ACT,QB,QB,BRO095850,00-0026196,Louisville, KY,1838,Louisville,6-3,223,http://static.nfl.com/static/content/public/static/img/fantasy/transparent/200x200/BRO095850.png,http://www.nfl.com/player/brianbrohm/198/profile,1985-09-23,4
198,2010,610,Brian Brohm,Brian,Joseph,Brohm,,ACT,QB,QB,BRO095850,00-0026196,Louisville, KY,1838,Louisville,6-3,223,http://static.nfl.com/static/content/public/static/img/fantasy/transparent/200x200/BRO095850.png,http://www.nfl.com/player/brianbrohm/198/profile,1985-09-23,4
200,2008,4600,Red Bryant,Red,Anthony,Bryant,,ACT,DL,DT,BRY512697,00-0026261,Galveston Co., TX,6003,Texas A&M,6-4,318,http://static.nfl.com/static/content/public/static/img/fantasy/transparent/200x200/BRY512697.png,http://www.nfl.com/player/redbryant/200/profile,1984-04-18,79
200,2009,4600,Red Bryant,Red,Anthony,Bryant,,ACT,DL,DT,BRY512697,00-0026261,Galveston Co., TX,6003,Texas A&M,6-4,318,http://static.nfl.com/static/content/public/static/img/fantasy/transparent/200x200/BRY512697.png,http://www.nfl.com/player/redbryant/200/profile,1984-04-18,79
200,2010,4600,Red Bryant,Red,Anthony,Bryant,,RES,DL,DE,BRY512697,00-0026261,Galveston Co., TX,6003,Texas A&M,6-4,323,http://static.nfl.com/static/content/public/static/img/fantasy/transparent/200x200/BRY512697.png,http://www.nfl.com/player/redbryant/200/profile,1984-04-18,79
200,2011,4600,Red Bryant,Red,Anthony,Bryant,,ACT,DL,DE,BRY512697,00-0026261,Galveston Co., TX,6003,Texas A&M,6-4,323,http://static.nfl.com/static/content/public/static/img/fantasy/transparent/200x200/BRY512697.png,http://www.nfl.com/player/redbryant/200/profile,1984-04-18,79
200,2012,4600,Red Bryant,Red,Anthony,Bryant,,ACT,DL,DE,BRY512697,00-0026261,Galveston Co., TX,6003,Texas A&M,6-4,323,http://static.nfl.com/static/content/public/static/img/fantasy/transparent/200x200/BRY512697.png,http://www.nfl.com/player/redbryant/200/profile,1984-04-18,79
200,2013,4600,Red Bryant,Red,Anthony,Bryant,,ACT,DL,DE,BRY512697,00-0026261,Galveston Co., TX,6003,Texas A&M,6-4,323,http://static.nfl.com/static/content/public/static/img/fantasy/transparent/200x200/BRY512697.png,http://www.nfl.com/player/redbryant/200/profile,1984-04-18,79
200,2014,2250,Red Bryant,Red,Anthony,Bryant,,ACT,DL,DE,BRY512697,00-0026261,Galveston Co., TX,6003,Texas A&M,6-4,323,http://static.nfl.com/static/content/public/static/img/fantasy/transparent/200x200/BRY512697.png,http://www.nfl.com/player/redbryant/200/profile,1984-04-18,79
200,2015,3800,Red Bryant,Red,Anthony,Bryant,,ACT,DL,DT,BRY512697,00-0026261,Galveston Co., TX,6003,Texas A&M,6-4,323,http://static.nfl.com/static/content/public/static/img/fantasy/transparent/200x200/BRY512697.png,http://www.nfl.com/player/redbryant/200/profile,1984-04-18,71
200,2016,3800,Red Bryant,Red,Anthony,Bryant,,CUT,DL,DT,BRY512697,00-0026261,Galveston Co., TX,6003,Texas A&M,6-4,323,http://static.nfl.com/static/content/public/static/img/fantasy/transparent/200x200/BRY512697.png,http://www.nfl.com/player/redbryant/200/profile,1984-04-18,71
202,2008,2510,Keenan Burton,Keenan,Edward,Burton,,ACT,WR,WR,BUR769332,00-0026268,Louisville, KY,1837,Kentucky,6-0,202,http://static.nfl.com/static/content/public/static/img/fantasy/transparent/200x200/BUR769332.png,http://www.nfl.com/player/keenanburton/202/profile,1984-10-29,14
202,2009,2510,Keenan Burton,Keenan,Edward,Burton,,RES,WR,WR,BUR769332,00-0026268,Louisville, KY,1837,Kentucky,6-0,206,http://static.nfl.com/static/content/public/static/img/fantasy/transparent/200x200/BUR769332.png,http://www.nfl.com/player/keenanburton/202/profile,1984-10-29,14
202,2010,2510,Keenan Burton,Keenan,Edward,Burton,,CUT,WR,WR,BUR769332,00-0026268,Louisville, KY,1837,Kentucky,6-0,206,http://static.nfl.com/static/content/public/static/img/fantasy/transparent/200x200/BUR769332.png,http://www.nfl.com/player/keenanburton/202/profile,1984-10-29,14
204,2010,3300,Ezra Butler,Ezra,,Butler,,DEV,LB,LB,BUT192185,00-0025978,Calabasas, CA,4844,Nevada,6-2,235,http://static.nfl.com/static/content/public/static/img/fantasy/transparent/200x200/BUT192185.png,http://www.nfl.com/player/ezrabutler/204/profile,1984-11-20,
204,2011,3300,Ezra Butler,Ezra,,Butler,,RES,LB,LB,BUT192185,00-0025978,Calabasas, CA,4844,Nevada,6-2,248,http://static.nfl.com/static/content/public/static/img/fantasy/transparent/200x200/BUT192185.png,http://www.nfl.com/player/ezrabutler/204/profile,1984-11-20,62
204,2012,3300,Ezra Butler,Ezra,,Butler,,CUT,LB,LB,BUT192185,00-0025978,Calabasas, CA,4844,Nevada,6-2,248,http://static.nfl.com/static/content/public/static/img/fantasy/transparent/200x200/BUT192185.png,http://www.nfl.com/player/ezrabutler/204/profile,1984-11-20,55
206,2008,920,Andre Caldwell,Andre,,Caldwell,,ACT,WR,WR,CAL102494,00-0026237,Tampa, FL,5812,Florida,6-0,204,http://static.nfl.com/static/content/public/static/img/fantasy/transparent/200x200/CAL102494.png,http://www.nfl.com/player/andrecaldwell/206/profile,1985-04-15,87
206,2009,920,Andre Caldwell,Andre,,Caldwell,,ACT,WR,WR,CAL102494,00-0026237,Tampa, FL,5812,Florida,6-0,200,http://static.nfl.com/static/content/public/static/img/fantasy/transparent/200x200/CAL102494.png,http://www.nfl.com/player/andrecaldwell/206/profile,1985-04-15,87
206,2010,920,Andre Caldwell,Andre,,Caldwell,,ACT,WR,WR,CAL102494,00-0026237,Tampa, FL,5812,Florida,6-0,195,http://static.nfl.com/static/content/public/static/img/fantasy/transparent/200x200/CAL102494.png,http://www.nfl.com/player/andrecaldwell/206/profile,1985-04-15,87
206,2011,920,Andre Caldwell,Andre,,Caldwell,,RES,WR,WR,CAL102494,00-0026237,Tampa, FL,5812,Florida,6-0,190,http://static.nfl.com/static/content/public/static/img/fantasy/transparent/200x200/CAL102494.png,http://www.nfl.com/player/andrecaldwell/206/profile,1985-04-15,87
206,2012,1400,Andre Caldwell,Andre,,Caldwell,,ACT,WR,WR,CAL102494,00-0026237,Tampa, FL,5812,Florida,6-0,190,http://static.nfl.com/static/content/public/static/img/fantasy/transparent/200x200/CAL102494.png,http://www.nfl.com/player/andrecaldwell/206/profile,1985-04-15,17
206,2013,1400,Andre Caldwell,Andre,,Caldwell,,ACT,WR,WR,CAL102494,00-0026237,Tampa, FL,5812,Florida,6-0,200,http://static.nfl.com/static/content/public/static/img/fantasy/transparent/200x200/CAL102494.png,http://www.nfl.com/player/andrecaldwell/206/profile,1985-04-15,12
206,2014,1400,Andre Caldwell,Andre,,Caldwell,,ACT,WR,WR,CAL102494,00-0026237,Tampa, FL,5812,Florida,6-0,200,http://static.nfl.com/static/content/public/static/img/fantasy/transparent/200x200/CAL102494.png,http://www.nfl.com/player/andrecaldwell/206/profile,1985-04-15,12
206,2015,1400,Andre Caldwell,Andre,,Caldwell,,ACT,WR,WR,CAL102494,00-0026237,Tampa, FL,5812,Florida,6-0,200,http://static.nfl.com/static/content/public/static/img/fantasy/transparent/200x200/CAL102494.png,http://www.nfl.com/player/andrecaldwell/206/profile,1985-04-15,12
206,2016,1540,Andre Caldwell,Andre,,Caldwell,,CUT,WR,WR,CAL102494,00-0026237,Tampa, FL,5812,Florida,6-0,200,http://static.nfl.com/static/content/public/static/img/fantasy/transparent/200x200/CAL102494.png,http://www.nfl.com/player/andrecaldwell/206/profile,1985-04-15,17
208,2008,4400,Antoine Cason,Antoine,Brandon,Cason,,ACT,DB,CB,CAS362242,00-0026167,Long Beach, CA,4832,Arizona,6-0,190,http://static.nfl.com/static/content/public/static/img/fantasy/transparent/200x200/CAS362242.png,http://www.nfl.com/player/antoinecason/208/profile,1986-07-09,20
208,2009,4400,Antoine Cason,Antoine,Brandon,Cason,,ACT,DB,CB,CAS362242,00-0026167,Long Beach, CA,4832,Arizona,6-0,190,http://static.nfl.com/static/content/public/static/img/fantasy/transparent/200x200/CAS362242.png,http://www.nfl.com/player/antoinecason/208/profile,1986-07-09,20
208,2010,4400,Antoine Cason,Antoine,Brandon,Cason,,ACT,DB,CB,CAS362242,00-0026167,Long Beach, CA,4832,Arizona,6-1,195,http://static.nfl.com/static/content/public/static/img/fantasy/transparent/200x200/CAS362242.png,http://www.nfl.com/player/antoinecason/208/profile,1986-07-09,20
208,2011,4400,Antoine Cason,Antoine,Brandon,Cason,,ACT,DB,CB,CAS362242,00-0026167,Long Beach, CA,4832,Arizona,6-1,195,http://static.nfl.com/static/content/public/static/img/fantasy/transparent/200x200/CAS362242.png,http://www.nfl.com/player/antoinecason/208/profile,1986-07-09,20
208,2012,4400,Antoine Cason,Antoine,Brandon,Cason,,ACT,DB,CB,CAS362242,00-0026167,Long Beach, CA,4832,Arizona,6-1,195,http://static.nfl.com/static/content/public/static/img/fantasy/transparent/200x200/CAS362242.png,http://www.nfl.com/player/antoinecason/208/profile,1986-07-09,20
208,2013,3800,Antoine Cason,Antoine,Brandon,Cason,,ACT,DB,CB,CAS362242,00-0026167,Long Beach, CA,4832,Arizona,6-1,195,http://static.nfl.com/static/content/public/static/img/fantasy/transparent/200x200/CAS362242.png,http://www.nfl.com/player/antoinecason/208/profile,1986-07-09,20
208,2014,325,Antoine Cason,Antoine,Brandon,Cason,,ACT,DB,CB,CAS362242,00-0026167,Long Beach, CA,4832,Arizona,6-1,195,http://static.nfl.com/static/content/public/static/img/fantasy/transparent/200x200/CAS362242.png,http://www.nfl.com/player/antoinecason/208/profile,1986-07-09,23
210,2008,1540,Gosder Cherilus,Gosder,,Cherilus,,ACT,OL,T,CHE253467,00-0026157,,3083,Boston College,6-7,319,http://static.nfl.com/static/content/public/static/img/fantasy/transparent/200x200/CHE253467.png,http://www.nfl.com/player/gosdercherilus/210/profile,1984-06-28,77
210,2009,1540,Gosder Cherilus,Gosder,,Cherilus,,ACT,OL,T,CHE253467,00-0026157,,3083,Boston College,6-7,325,http://static.nfl.com/static/content/public/static/img/fantasy/transparent/200x200/CHE253467.png,http://www.nfl.com/player/gosdercherilus/210/profile,1984-06-28,77
210,2010,1540,Gosder Cherilus,Gosder,,Cherilus,,RES,OL,T,CHE253467,00-0026157,,3083,Boston College,6-7,325,http://static.nfl.com/static/content/public/static/img/fantasy/transparent/200x200/CHE253467.png,http://www.nfl.com/player/gosdercherilus/210/profile,1984-06-28,77
210,2011,1540,Gosder Cherilus,Gosder,,Cherilus,,ACT,OL,OT,CHE253467,00-0026157,,3083,Boston College,6-7,325,http://static.nfl.com/static/content/public/static/img/fantasy/transparent/200x200/CHE253467.png,http://www.nfl.com/player/gosdercherilus/210/profile,1984-06-28,77
210,2012,1540,Gosder Cherilus,Gosder,,Cherilus,,ACT,OL,T,CHE253467,00-0026157,,3083,Boston College,6-7,325,http://static.nfl.com/static/content/public/static/img/fantasy/transparent/200x200/CHE253467.png,http://www.nfl.com/player/gosdercherilus/210/profile,1984-06-28,77
210,2013,2200,Gosder Cherilus,Gosder,,Cherilus,,ACT,OL,T,CHE253467,00-0026157,,3083,Boston College,6-7,314,http://static.nfl.com/static/content/public/static/img/fantasy/transparent/200x200/CHE253467.png,http://www.nfl.com/player/gosdercherilus/210/profile,1984-06-28,78
210,2014,2200,Gosder Cherilus,Gosder,,Cherilus,,RES,OL,T,CHE253467,00-0026157,,3083,Boston College,6-7,316,http://static.nfl.com/static/content/public/static/img/fantasy/transparent/200x200/CHE253467.png,http://www.nfl.com/player/gosdercherilus/210/profile,1984-06-28,78
210,2015,4900,Gosder Cherilus,Gosder,,Cherilus,,ACT,OL,T,CHE253467,00-0026157,,3083,Boston College,6-7,316,http://static.nfl.com/static/content/public/static/img/fantasy/transparent/200x200/CHE253467.png,http://www.nfl.com/player/gosdercherilus/210/profile,1984-06-28,78
210,2016,4900,Gosder Cherilus,Gosder,,Cherilus,,ACT,OL,T,CHE253467,00-0026157,,3083,Boston College,6-7,316,http://static.nfl.com/static/content/public/static/img/fantasy/transparent/200x200/CHE253467.png,http://www.nfl.com/player/gosdercherilus/210/profile,1984-06-28,78
212,2008,750,Dan Connor,Dan,Murphy,Connor,,RES,LB,LB,CON508718,00-0026214,Wallingford, PA,2660,Penn State,6-2,231,http://static.nfl.com/static/content/public/static/img/fantasy/transparent/200x200/CON508718.png,http://www.nfl.com/player/danconnor/212/profile,1985-11-02,57
212,2009,750,Dan Connor,Dan,Murphy,Connor,,ACT,LB,LB,CON508718,00-0026214,Wallingford, PA,2660,Penn State,6-2,231,http://static.nfl.com/static/content/public/static/img/fantasy/transparent/200x200/CON508718.png,http://www.nfl.com/player/danconnor/212/profile,1985-11-02,55
212,2010,750,Dan Connor,Dan,Murphy,Connor,,RES,LB,MLB,CON508718,00-0026214,Wallingford, PA,2660,Penn State,6-2,231,http://static.nfl.com/static/content/public/static/img/fantasy/transparent/200x200/CON508718.png,http://www.nfl.com/player/danconnor/212/profile,1985-11-02,55
212,2011,750,Dan Connor,Dan,Murphy,Connor,,ACT,LB,MLB,CON508718,00-0026214,Wallingford, PA,2660,Penn State,6-2,231,http://static.nfl.com/static/content/public/static/img/fantasy/transparent/200x200/CON508718.png,http://www.nfl.com/player/danconnor/212/profile,1985-11-02,55
212,2012,1200,Dan Connor,Dan,Murphy,Connor,,ACT,LB,ILB,CON508718,00-0026214,Wallingford, PA,2660,Penn State,6-2,241,http://static.nfl.com/static/content/public/static/img/fantasy/transparent/200x200/CON508718.png,http://www.nfl.com/player/danconnor/212/profile,1985-11-02,52
212,2013,750,Dan Connor,Dan,Murphy,Connor,,ACT,LB,ILB,CON508718,00-0026214,Wallingford, PA,2660,Penn State,6-2,241,http://static.nfl.com/static/content/public/static/img/fantasy/transparent/200x200/CON508718.png,http://www.nfl.com/player/danconnor/212/profile,1985-11-02,55
214,2008,3200,Shawn Crable,Shawn,James,Crable,,RES,LB,OLB,CRA050645,00-0026218,Massillon, OH,1839,Michigan,6-5,243,http://static.nfl.com/static/content/public/static/img/fantasy/transparent/200x200/CRA050645.png,http://www.nfl.com/player/shawncrable/214/profile,1984-12-26,98
214,2009,3200,Shawn Crable,Shawn,James,Crable,,RES,LB,OLB,CRA050645,00-0026218,Massillon, OH,1839,Michigan,6-5,243,http://static.nfl.com/static/content/public/static/img/fantasy/transparent/200x200/CRA050645.png,http://www.nfl.com/player/shawncrable/214/profile,1984-12-26,98
214,2010,3430,Shawn Crable,Shawn,James,Crable,,DEV,LB,OLB,CRA050645,00-0026218,Massillon, OH,1839,Michigan,6-5,250,http://static.nfl.com/static/content/public/static/img/fantasy/transparent/200x200/CRA050645.png,http://www.nfl.com/player/shawncrable/214/profile,1984-12-26,
216,2008,5110,Fred Davis,Fred,Martin,Davis,,ACT,TE,TE,DAV318170,00-0026188,Toledo, OH,4852,USC,6-4,257,http://static.nfl.com/static/content/public/static/img/fantasy/transparent/200x200/DAV318170.png,http://www.nfl.com/player/freddavis/216/profile,1986-01-15,86
216,2009,5110,Fred Davis,Fred,Martin,Davis,,ACT,TE,TE,DAV318170,00-0026188,Toledo, OH,4852,USC,6-4,257,http://static.nfl.com/static/content/public/static/img/fantasy/transparent/200x200/DAV318170.png,http://www.nfl.com/player/freddavis/216/profile,1986-01-15,86
216,2010,5110,Fred Davis,Fred,Martin,Davis,,ACT,TE,TE,DAV318170,00-0026188,Toledo, OH,4852,USC,6-4,255,http://static.nfl.com/static/content/public/static/img/fantasy/transparent/200x200/DAV318170.png,http://www.nfl.com/player/freddavis/216/profile,1986-01-15,86
216,2011,5110,Fred Davis,Fred,Martin,Davis,,SUS,TE,TE,DAV318170,00-0026188,Toledo, OH,4852,USC,6-4,258,http://static.nfl.com/static/content/public/static/img/fantasy/transparent/200x200/DAV318170.png,http://www.nfl.com/player/freddavis/216/profile,1986-01-15,83
216,2012,5110,Fred Davis,Fred,Martin,Davis,,RES,TE,TE,DAV318170,00-0026188,Toledo, OH,4852,USC,6-4,247,http://static.nfl.com/static/content/public/static/img/fantasy/transparent/200x200/DAV318170.png,http://www.nfl.com/player/freddavis/216/profile,1986-01-15,83
216,2013,5110,Fred Davis,Fred,Martin,Davis,,ACT,TE,TE,DAV318170,00-0026188,Toledo, OH,4852,USC,6-4,247,http://static.nfl.com/static/content/public/static/img/fantasy/transparent/200x200/DAV318170.png,http://www.nfl.com/player/freddavis/216/profile,1986-01-15,83
218,2008,2310,Glenn Dorsey,Glenn,Jamon,Dorsey,,ACT,DL,DT,DOR587585,00-0026145,Baton Rouge, LA,6373,LSU,6-1,297,http://static.nfl.com/static/content/public/static/img/fantasy/transparent/200x200/DOR587585.png,http://www.nfl.com/player/glenndorsey/218/profile,1985-08-01,72
218,2009,2310,Glenn Dorsey,Glenn,Jamon,Dorsey,,ACT,DL,DE,DOR587585,00-0026145,Baton Rouge, LA,6373,LSU,6-1,297,http://static.nfl.com/static/content/public/static/img/fantasy/transparent/200x200/DOR587585.png,http://www.nfl.com/player/glenndorsey/218/profile,1985-08-01,72
218,2010,2310,Glenn Dorsey,Glenn,Jamon,Dorsey,,ACT,DL,DE,DOR587585,00-0026145,Baton Rouge, LA,6373,LSU,6-1,297,http://static.nfl.com/static/content/public/static/img/fantasy/transparent/200x200/DOR587585.png,http://www.nfl.com/player/glenndorsey/218/profile,1985-08-01,72
218,2011,2310,Glenn Dorsey,Glenn,Jamon,Dorsey,,ACT,DL,DE,DOR587585,00-0026145,Baton Rouge, LA,6373,LSU,6-1,297,http://static.nfl.com/static/content/public/static/img/fantasy/transparent/200x200/DOR587585.png,http://www.nfl.com/player/glenndorsey/218/profile,1985-08-01,72
218,2012,2310,Glenn Dorsey,Glenn,Jamon,Dorsey,,RES,DL,DE,DOR587585,00-0026145,Baton Rouge, LA,6373,LSU,6-1,297,http://static.nfl.com/static/content/public/static/img/fantasy/transparent/200x200/DOR587585.png,http://www.nfl.com/player/glenndorsey/218/profile,1985-08-01,72
218,2013,4500,Glenn Dorsey,Glenn,Jamon,Dorsey,,ACT,DL,NT,DOR587585,00-0026145,Baton Rouge, LA,6373,LSU,6-1,297,http://static.nfl.com/static/content/public/static/img/fantasy/transparent/200x200/DOR587585.png,http://www.nfl.com/player/glenndorsey/218/profile,1985-08-01,90
218,2014,4500,Glenn Dorsey,Glenn,Jamon,Dorsey,,RES,DL,NT,DOR587585,00-0026145,Baton Rouge, LA,6373,LSU,6-1,297,http://static.nfl.com/static/content/public/static/img/fantasy/transparent/200x200/DOR587585.png,http://www.nfl.com/player/glenndorsey/218/profile,1985-08-01,90
218,2015,4500,Glenn Dorsey,Glenn,Jamon,Dorsey,,RES,DL,DE,DOR587585,00-0026145,Baton Rouge, LA,6373,LSU,6-1,297,http://static.nfl.com/static/content/public/static/img/fantasy/transparent/200x200/DOR587585.png,http://www.nfl.com/player/glenndorsey/218/profile,1985-08-01,90
218,2016,4500,Glenn Dorsey,Glenn,Jamon,Dorsey,,ACT,DL,NT,DOR587585,00-0026145,Baton Rouge, LA,6373,LSU,6-1,297,http://static.nfl.com/static/content/public/static/img/fantasy/transparent/200x200/DOR587585.png,http://www.nfl.com/player/glenndorsey/218/profile,1985-08-01,90
220,2008,3800,Early Doucet,Early,Joseph,Doucet,III,ACT,WR,WR,DOU051723,00-0026221,New Iberia, LA,6373,LSU,6-0,211,http://static.nfl.com/static/content/public/static/img/fantasy/transparent/200x200/DOU051723.png,http://www.nfl.com/player/earlydoucet/220/profile,1985-10-28,80
220,2009,3800,Early Doucet,Early,Joseph,Doucet,III,ACT,WR,WR,DOU051723,00-0026221,New Iberia, LA,6373,LSU,6-0,212,http://static.nfl.com/static/content/public/static/img/fantasy/transparent/200x200/DOU051723.png,http://www.nfl.com/player/earlydoucet/220/profile,1985-10-28,80
220,2010,3800,Early Doucet,Early,Joseph,Doucet,III,RES,WR,WR,DOU051723,00-0026221,New Iberia, LA,6373,LSU,6-0,212,http://static.nfl.com/static/content/public/static/img/fantasy/transparent/200x200/DOU051723.png,http://www.nfl.com/player/earlydoucet/220/profile,1985-10-28,80
220,2011,3800,Early Doucet,Early,Joseph,Doucet,III,ACT,WR,WR,DOU051723,00-0026221,New Iberia, LA,6373,LSU,6-0,212,http://static.nfl.com/static/content/public/static/img/fantasy/transparent/200x200/DOU051723.png,http://www.nfl.com/player/earlydoucet/220/profile,1985-10-28,85
220,2012,3800,Early Doucet,Early,Joseph,Doucet,III,ACT,WR,WR,DOU051723,00-0026221,New Iberia, LA,6373,LSU,6-0,212,http://static.nfl.com/static/content/public/static/img/fantasy/transparent/200x200/DOU051723.png,http://www.nfl.com/player/earlydoucet/220/profile,1985-10-28,85
222,2008,200,Harry Douglas,Harry,,Douglas,IV,ACT,WR,WR,DOU372712,00-0026224,Tampa, FL,1838,Louisville,5-11,171,http://static.nfl.com/static/content/public/static/img/fantasy/transparent/200x200/DOU372712.png,http://www.nfl.com/player/harrydouglas/222/profile,1984-09-16,83
222,2009,200,Harry Douglas,Harry,,Douglas,IV,RES,WR,WR,DOU372712,00-0026224,Tampa, FL,1838,Louisville,6-0,182,http://static.nfl.com/static/content/public/static/img/fantasy/transparent/200x200/DOU372712.png,http://www.nfl.com/player/harrydouglas/222/profile,1984-09-16,83
222,2010,200,Harry Douglas,Harry,,Douglas,IV,ACT,WR,WR,DOU372712,00-0026224,Tampa, FL,1838,Louisville,6-0,182,http://static.nfl.com/static/content/public/static/img/fantasy/transparent/200x200/DOU372712.png,http://www.nfl.com/player/harrydouglas/222/profile,1984-09-16,83
222,2011,200,Harry Douglas,Harry,,Douglas,IV,ACT,WR,WR,DOU372712,00-0026224,Tampa, FL,1838,Louisville,6-0,183,http://static.nfl.com/static/content/public/static/img/fantasy/transparent/200x200/DOU372712.png,http://www.nfl.com/player/harrydouglas/222/profile,1984-09-16,83
222,2012,200,Harry Douglas,Harry,,Douglas,IV,ACT,WR,WR,DOU372712,00-0026224,Tampa, FL,1838,Louisville,6-0,183,http://static.nfl.com/static/content/public/static/img/fantasy/transparent/200x200/DOU372712.png,http://www.nfl.com/player/harrydouglas/222/profile,1984-09-16,83
222,2013,200,Harry Douglas,Harry,,Douglas,IV,ACT,WR,WR,DOU372712,00-0026224,Tampa, FL,1838,Louisville,6-0,183,http://static.nfl.com/static/content/public/static/img/fantasy/transparent/200x200/DOU372712.png,http://www.nfl.com/player/harrydouglas/222/profile,1984-09-16,83
222,2014,200,Harry Douglas,Harry,,Douglas,IV,ACT,WR,WR,DOU372712,00-0026224,Tampa, FL,1838,Louisville,6-0,183,http://static.nfl.com/static/content/public/static/img/fantasy/transparent/200x200/DOU372712.png,http://www.nfl.com/player/harrydouglas/222/profile,1984-09-16,83
222,2015,2100,Harry Douglas,Harry,,Douglas,IV,ACT,WR,WR,DOU372712,00-0026224,Tampa, FL,1838,Louisville,6-0,183,http://static.nfl.com/static/content/public/static/img/fantasy/transparent/200x200/DOU372712.png,http://www.nfl.com/player/harrydouglas/222/profile,1984-09-16,83
222,2016,2100,Harry Douglas,Harry,,Douglas,IV,ACT,WR,WR,DOU372712,00-0026224,Tampa, FL,1838,Louisville,6-0,183,http://static.nfl.com/static/content/public/static/img/fantasy/transparent/200x200/DOU372712.png,http://www.nfl.com/player/harrydouglas/222/profile,1984-09-16,83
222,2017,2100,Harry Douglas,Harry,,Douglas,IV,ACT,WR,WR,DOU372712,00-0026224,Tampa, FL,1838,Louisville,6-0,183,http://static.nfl.com/static/content/public/static/img/fantasy/transparent/200x200/DOU372712.png,http://www.nfl.com/player/harrydouglas/222/profile,1984-09-16,83
224,2008,3300,Jo-Lonn Dunbar,Jo-Lonn,D.,Dunbar,,ACT,LB,LB,DUN097263,00-0025838,Syracuse, NY,3083,Boston College,6-0,226,http://static.nfl.com/static/content/public/static/img/fantasy/transparent/200x200/DUN097263.png,http://www.nfl.com/player/jo-lonndunbar/224/profile,1985-03-13,56
224,2009,3300,Jo-Lonn Dunbar,Jo-Lonn,D.,Dunbar,,RES,LB,OLB,DUN097263,00-0025838,Syracuse, NY,3083,Boston College,6-0,226,http://static.nfl.com/static/content/public/static/img/fantasy/transparent/200x200/DUN097263.png,http://www.nfl.com/player/jo-lonndunbar/224/profile,1985-03-13,56
224,2010,3300,Jo-Lonn Dunbar,Jo-Lonn,D.,Dunbar,,ACT,LB,OLB,DUN097263,00-0025838,Syracuse, NY,3083,Boston College,6-0,226,http://static.nfl.com/static/content/public/static/img/fantasy/transparent/200x200/DUN097263.png,http://www.nfl.com/player/jo-lonndunbar/224/profile,1985-03-13,56
224,2011,3300,Jo-Lonn Dunbar,Jo-Lonn,D.,Dunbar,,ACT,LB,OLB,DUN097263,00-0025838,Syracuse, NY,3083,Boston College,6-0,226,http://static.nfl.com/static/content/public/static/img/fantasy/transparent/200x200/DUN097263.png,http://www.nfl.com/player/jo-lonndunbar/224/profile,1985-03-13,56
224,2012,2510,Jo-Lonn Dunbar,Jo-Lonn,D.,Dunbar,,ACT,LB,OLB,DUN097263,00-0025838,Syracuse, NY,3083,Boston College,6-0,226,http://static.nfl.com/static/content/public/static/img/fantasy/transparent/200x200/DUN097263.png,http://www.nfl.com/player/jo-lonndunbar/224/profile,1985-03-13,58
224,2013,2510,Jo-Lonn Dunbar,Jo-Lonn,D.,Dunbar,,ACT,LB,OLB,DUN097263,00-0025838,Syracuse, NY,3083,Boston College,6-0,226,http://static.nfl.com/static/content/public/static/img/fantasy/transparent/200x200/DUN097263.png,http://www.nfl.com/player/jo-lonndunbar/224/profile,1985-03-13,58
224,2014,2510,Jo-Lonn Dunbar,Jo-Lonn,D.,Dunbar,,ACT,LB,OLB,DUN097263,00-0025838,Syracuse, NY,3083,Boston College,6-0,235,http://static.nfl.com/static/content/public/static/img/fantasy/transparent/200x200/DUN097263.png,http://www.nfl.com/player/jo-lonndunbar/224/profile,1985-03-13,58
224,2015,3300,Jo-Lonn Dunbar,Jo-Lonn,D.,Dunbar,,CUT,LB,OLB,DUN097263,00-0025838,Syracuse, NY,3083,Boston College,6-0,235,http://static.nfl.com/static/content/public/static/img/fantasy/transparent/200x200/DUN097263.png,http://www.nfl.com/player/jo-lonndunbar/224/profile,1985-03-13,54
226,2008,610,Chris Ellis,Chris,James,Ellis,,RES,DL,DE,ELL422940,00-0026212,,5859,Virginia Tech,6-4,261,http://static.nfl.com/static/content/public/static/img/fantasy/transparent/200x200/ELL422940.png,http://www.nfl.com/player/chrisellis/226/profile,1985-02-11,93
226,2009,610,Chris Ellis,Chris,James,Ellis,,ACT,DL,DE,ELL422940,00-0026212,,5859,Virginia Tech,6-4,261,http://static.nfl.com/static/content/public/static/img/fantasy/transparent/200x200/ELL422940.png,http://www.nfl.com/player/chrisellis/226/profile,1985-02-11,93
226,2010,3900,Chris Ellis,Chris,James,Ellis,,DEV,LB,OLB,ELL422940,00-0026212,,5859,Virginia Tech,6-4,261,http://static.nfl.com/static/content/public/static/img/fantasy/transparent/200x200/ELL422940.png,http://www.nfl.com/player/chrisellis/226/profile,1985-02-11,
226,2011,3900,Chris Ellis,Chris,James,Ellis,,CUT,LB,LB,ELL422940,00-0026212,,5859,Virginia Tech,6-4,267,http://static.nfl.com/static/content/public/static/img/fantasy/transparent/200x200/ELL422940.png,http://www.nfl.com/player/chrisellis/226/profile,1985-02-11,90
228,2008,3300,Sedrick Ellis,Sedrick,Dwayne,Ellis,,ACT,DL,DT,ELL641039,00-0026147,Los Angeles, CA,4852,USC,6-1,307,http://static.nfl.com/static/content/public/static/img/fantasy/transparent/200x200/ELL641039.png,http://www.nfl.com/player/sedrickellis/228/profile,1985-07-09,98
228,2009,3300,Sedrick Ellis,Sedrick,Dwayne,Ellis,,ACT,DL,DT,ELL641039,00-0026147,Los Angeles, CA,4852,USC,6-1,307,http://static.nfl.com/static/content/public/static/img/fantasy/transparent/200x200/ELL641039.png,http://www.nfl.com/player/sedrickellis/228/profile,1985-07-09,98
228,2010,3300,Sedrick Ellis,Sedrick,Dwayne,Ellis,,ACT,DL,DT,ELL641039,00-0026147,Los Angeles, CA,4852,USC,6-1,307,http://static.nfl.com/static/content/public/static/img/fantasy/transparent/200x200/ELL641039.png,http://www.nfl.com/player/sedrickellis/228/profile,1985-07-09,98
228,2011,3300,Sedrick Ellis,Sedrick,Dwayne,Ellis,,ACT,DL,DT,ELL641039,00-0026147,Los Angeles, CA,4852,USC,6-1,307,http://static.nfl.com/static/content/public/static/img/fantasy/transparent/200x200/ELL641039.png,http://www.nfl.com/player/sedrickellis/228/profile,1985-07-09,98
228,2012,3300,Sedrick Ellis,Sedrick,Dwayne,Ellis,,ACT,DL,DT,ELL641039,00-0026147,Los Angeles, CA,4852,USC,6-1,307,http://static.nfl.com/static/content/public/static/img/fantasy/transparent/200x200/ELL641039.png,http://www.nfl.com/player/sedrickellis/228/profile,1985-07-09,98
230,2008,1540,Jerome Felton,Jerome,Jean-Marie,Felton,,ACT,RB,FB,FEL642097,00-0026286,Duren, Germany,5222,Furman,6-0,246,http://static.nfl.com/static/content/public/static/img/fantasy/transparent/200x200/FEL642097.png,http://www.nfl.com/player/jeromefelton/230/profile,1986-07-03,45
230,2009,1540,Jerome Felton,Jerome,Jean-Marie,Felton,,ACT,RB,FB,FEL642097,00-0026286,Duren, Germany,5222,Furman,6-0,246,http://static.nfl.com/static/content/public/static/img/fantasy/transparent/200x200/FEL642097.png,http://www.nfl.com/player/jeromefelton/230/profile,1986-07-03,45
230,2010,1540,Jerome Felton,Jerome,Jean-Marie,Felton,,ACT,RB,FB,FEL642097,00-0026286,Duren, Germany,5222,Furman,6-0,246,http://static.nfl.com/static/content/public/static/img/fantasy/transparent/200x200/FEL642097.png,http://www.nfl.com/player/jeromefelton/230/profile,1986-07-03,45
230,2011,2200,Jerome Felton,Jerome,Jean-Marie,Felton,,ACT,RB,FB,FEL642097,00-0026286,Duren, Germany,5222,Furman,6-0,246,http://static.nfl.com/static/content/public/static/img/fantasy/transparent/200x200/FEL642097.png,http://www.nfl.com/player/jeromefelton/230/profile,1986-07-03,42
230,2012,3000,Jerome Felton,Jerome,Jean-Marie,Felton,,ACT,RB,FB,FEL642097,00-0026286,Duren, Germany,5222,Furman,6-0,248,http://static.nfl.com/static/content/public/static/img/fantasy/transparent/200x200/FEL642097.png,http://www.nfl.com/player/jeromefelton/230/profile,1986-07-03,42
230,2013,3000,Jerome Felton,Jerome,Jean-Marie,Felton,,ACT,RB,FB,FEL642097,00-0026286,Duren, Germany,5222,Furman,6-0,248,http://static.nfl.com/static/content/public/static/img/fantasy/transparent/200x200/FEL642097.png,http://www.nfl.com/player/jeromefelton/230/profile,1986-07-03,42
230,2014,3000,Jerome Felton,Jerome,Jean-Marie,Felton,,ACT,RB,FB,FEL642097,00-0026286,Duren, Germany,5222,Furman,6-0,248,http://static.nfl.com/static/content/public/static/img/fantasy/transparent/200x200/FEL642097.png,http://www.nfl.com/player/jeromefelton/230/profile,1986-07-03,42
230,2015,610,Jerome Felton,Jerome,Jean-Marie,Felton,,ACT,RB,FB,FEL642097,00-0026286,Duren, Germany,5222,Furman,6-0,248,http://static.nfl.com/static/content/public/static/img/fantasy/transparent/200x200/FEL642097.png,http://www.nfl.com/player/jeromefelton/230/profile,1986-07-03,42
230,2016,610,Jerome Felton,Jerome,Jean-Marie,Felton,,ACT,RB,FB,FEL642097,00-0026286,Duren, Germany,5222,Furman,6-0,248,http://static.nfl.com/static/content/public/static/img/fantasy/transparent/200x200/FEL642097.png,http://www.nfl.com/player/jeromefelton/230/profile,1986-07-03,42
232,2008,2520,Robert Felton,Robert,,Felton,,DEV,OL,G,FEL722424,00-0025879,,6866,Arkansas,6-4,324,http://static.nfl.com/static/content/public/static/img/fantasy/transparent/200x200/FEL722424.png,http://www.nfl.com/player/robertfelton/232/profile,1984-09-25,
234,2008,810,Matt Forte,Matt,Garrett,Forte,,ACT,RB,RB,FOR645404,00-0026184,Lake Charles, LA,6832,Tulane,6-2,216,http://static.nfl.com/static/content/public/static/img/fantasy/transparent/200x200/FOR645404.png,http://www.nfl.com/player/mattforte/234/profile,1985-12-10,22
234,2009,810,Matt Forte,Matt,Garrett,Forte,,ACT,RB,RB,FOR645404,00-0026184,Lake Charles, LA,6832,Tulane,6-2,218,http://static.nfl.com/static/content/public/static/img/fantasy/transparent/200x200/FOR645404.png,http://www.nfl.com/player/mattforte/234/profile,1985-12-10,22
234,2010,810,Matt Forte,Matt,Garrett,Forte,,ACT,RB,RB,FOR645404,00-0026184,Lake Charles, LA,6832,Tulane,6-2,218,http://static.nfl.com/static/content/public/static/img/fantasy/transparent/200x200/FOR645404.png,http://www.nfl.com/player/mattforte/234/profile,1985-12-10,22
234,2011,810,Matt Forte,Matt,Garrett,Forte,,RES,RB,RB,FOR645404,00-0026184,Lake Charles, LA,6832,Tulane,6-2,218,http://static.nfl.com/static/content/public/static/img/fantasy/transparent/200x200/FOR645404.png,http://www.nfl.com/player/mattforte/234/profile,1985-12-10,22
234,2012,810,Matt Forte,Matt,Garrett,Forte,,ACT,RB,RB,FOR645404,00-0026184,Lake Charles, LA,6832,Tulane,6-2,218,http://static.nfl.com/static/content/public/static/img/fantasy/transparent/200x200/FOR645404.png,http://www.nfl.com/player/mattforte/234/profile,1985-12-10,22
234,2013,810,Matt Forte,Matt,Garrett,Forte,,ACT,RB,RB,FOR645404,00-0026184,Lake Charles, LA,6832,Tulane,6-2,218,http://static.nfl.com/static/content/public/static/img/fantasy/transparent/200x200/FOR645404.png,http://www.nfl.com/player/mattforte/234/profile,1985-12-10,22
234,2014,810,Matt Forte,Matt,Garrett,Forte,,ACT,RB,RB,FOR645404,00-0026184,Lake Charles, LA,6832,Tulane,6-2,218,http://static.nfl.com/static/content/public/static/img/fantasy/transparent/200x200/FOR645404.png,http://www.nfl.com/player/mattforte/234/profile,1985-12-10,22
234,2015,810,Matt Forte,Matt,Garrett,Forte,,ACT,RB,RB,FOR645404,00-0026184,Lake Charles, LA,6832,Tulane,6-2,218,http://static.nfl.com/static/content/public/static/img/fantasy/transparent/200x200/FOR645404.png,http://www.nfl.com/player/mattforte/234/profile,1985-12-10,22
234,2016,3430,Matt Forte,Matt,Garrett,Forte,,RES,RB,RB,FOR645404,00-0026184,Lake Charles, LA,6832,Tulane,6-2,218,http://static.nfl.com/static/content/public/static/img/fantasy/transparent/200x200/FOR645404.png,http://www.nfl.com/player/mattforte/234/profile,1985-12-10,22
234,2017,3430,Matt Forte,Matt,Garrett,Forte,,RES,RB,RB,FOR645404,00-0026184,Lake Charles, LA,6832,Tulane,6-2,218,http://static.nfl.com/static/content/public/static/img/fantasy/transparent/200x200/FOR645404.png,http://www.nfl.com/player/mattforte/234/profile,1985-12-10,22
238,2008,2510,John Greco,John,Patrick,Greco,,ACT,OL,T,GRE029234,00-0026205,Ravenna, OH,1845,Toledo,6-4,314,http://static.nfl.com/static/content/public/static/img/fantasy/transparent/200x200/GRE029234.png,http://www.nfl.com/player/johngreco/238/profile,1985-03-24,79
238,2009,2510,John Greco,John,Patrick,Greco,,ACT,OL,G,GRE029234,00-0026205,Ravenna, OH,1845,Toledo,6-4,329,http://static.nfl.com/static/content/public/static/img/fantasy/transparent/200x200/GRE029234.png,http://www.nfl.com/player/johngreco/238/profile,1985-03-24,79
238,2010,2510,John Greco,John,Patrick,Greco,,ACT,OL,G,GRE029234,00-0026205,Ravenna, OH,1845,Toledo,6-4,329,http://static.nfl.com/static/content/public/static/img/fantasy/transparent/200x200/GRE029234.png,http://www.nfl.com/player/johngreco/238/profile,1985-03-24,79
238,2011,1050,John Greco,John,Patrick,Greco,,ACT,OL,OL,GRE029234,00-0026205,Ravenna, OH,1845,Toledo,6-4,315,http://static.nfl.com/static/content/public/static/img/fantasy/transparent/200x200/GRE029234.png,http://www.nfl.com/player/johngreco/238/profile,1985-03-24,77
238,2012,1050,John Greco,John,Patrick,Greco,,ACT,OL,G,GRE029234,00-0026205,Ravenna, OH,1845,Toledo,6-4,315,http://static.nfl.com/static/content/public/static/img/fantasy/transparent/200x200/GRE029234.png,http://www.nfl.com/player/johngreco/238/profile,1985-03-24,77
238,2013,1050,John Greco,John,Patrick,Greco,,ACT,OL,G,GRE029234,00-0026205,Ravenna, OH,1845,Toledo,6-4,315,http://static.nfl.com/static/content/public/static/img/fantasy/transparent/200x200/GRE029234.png,http://www.nfl.com/player/johngreco/238/profile,1985-03-24,77
238,2014,1050,John Greco,John,Patrick,Greco,,ACT,OL,G,GRE029234,00-0026205,Ravenna, OH,1845,Toledo,6-4,318,http://static.nfl.com/static/content/public/static/img/fantasy/transparent/200x200/GRE029234.png,http://www.nfl.com/player/johngreco/238/profile,1985-03-24,77
238,2015,1050,John Greco,John,Patrick,Greco,,RES,OL,G,GRE029234,00-0026205,Ravenna, OH,1845,Toledo,6-4,318,http://static.nfl.com/static/content/public/static/img/fantasy/transparent/200x200/GRE029234.png,http://www.nfl.com/player/johngreco/238/profile,1985-03-24,77
238,2016,1050,John Greco,John,Patrick,Greco,,RES,OL,G,GRE029234,00-0026205,Ravenna, OH,1845,Toledo,6-4,318,http://static.nfl.com/static/content/public/static/img/fantasy/transparent/200x200/GRE029234.png,http://www.nfl.com/player/johngreco/238/profile,1985-03-24,77
238,2017,3410,John Greco,John,Patrick,Greco,,ACT,OL,OT,GRE029234,00-0026205,Ravenna, OH,1845,Toledo,6-4,318,http://static.nfl.com/static/content/public/static/img/fantasy/transparent/200x200/GRE029234.png,http://www.nfl.com/player/johngreco/238/profile,1985-03-24,73
238,2018,3410,John Greco,John,Patrick,Greco,,ACT,OL,C,GRE029234,00-0026205,Ravenna, OH,1845,Toledo,6-5,316,http://static.nfl.com/static/content/public/static/img/fantasy/transparent/200x200/GRE029234.png,http://www.nfl.com/player/johngreco/238/profile,1985-03-24,73
240,2008,2250,Quentin Groves,Quentin,D.,Groves,,ACT,DL,DE,GRO760958,00-0026192,Greenville, MS,1005,Auburn,6-3,259,http://static.nfl.com/static/content/public/static/img/fantasy/transparent/200x200/GRO760958.png,http://www.nfl.com/player/quentingroves/240/profile,1984-07-05,93
240,2009,2250,Quentin Groves,Quentin,D.,Groves,,ACT,DL,DE,GRO760958,00-0026192,Greenville, MS,1005,Auburn,6-3,264,http://static.nfl.com/static/content/public/static/img/fantasy/transparent/200x200/GRO760958.png,http://www.nfl.com/player/quentingroves/240/profile,1984-07-05,54
240,2010,2520,Quentin Groves,Quentin,D.,Groves,,ACT,LB,OLB,GRO760958,00-0026192,Greenville, MS,1005,Auburn,6-3,265,http://static.nfl.com/static/content/public/static/img/fantasy/transparent/200x200/GRO760958.png,http://www.nfl.com/player/quentingroves/240/profile,1984-07-05,52
240,2011,2520,Quentin Groves,Quentin,D.,Groves,,ACT,LB,OLB,GRO760958,00-0026192,Greenville, MS,1005,Auburn,6-3,265,http://static.nfl.com/static/content/public/static/img/fantasy/transparent/200x200/GRO760958.png,http://www.nfl.com/player/quentingroves/240/profile,1984-07-05,52
240,2012,3800,Quentin Groves,Quentin,D.,Groves,,ACT,LB,OLB,GRO760958,00-0026192,Greenville, MS,1005,Auburn,6-3,265,http://static.nfl.com/static/content/public/static/img/fantasy/transparent/200x200/GRO760958.png,http://www.nfl.com/player/quentingroves/240/profile,1984-07-05,54
240,2013,1050,Quentin Groves,Quentin,D.,Groves,,RES,LB,OLB,GRO760958,00-0026192,Greenville, MS,1005,Auburn,6-3,265,http://static.nfl.com/static/content/public/static/img/fantasy/transparent/200x200/GRO760958.png,http://www.nfl.com/player/quentingroves/240/profile,1984-07-05,54
240,2014,2100,Quentin Groves,Quentin,D.,Groves,,ACT,LB,OLB,GRO760958,00-0026192,Greenville, MS,1005,Auburn,6-3,265,http://static.nfl.com/static/content/public/static/img/fantasy/transparent/200x200/GRO760958.png,http://www.nfl.com/player/quentingroves/240/profile,1984-07-05,53
240,2015,610,Quentin Groves,Quentin,D.,Groves,,CUT,LB,LB,GRO760958,00-0026192,Greenville, MS,1005,Auburn,6-3,265,http://static.nfl.com/static/content/public/static/img/fantasy/transparent/200x200/GRO760958.png,http://www.nfl.com/player/quentingroves/240/profile,1984-07-05,49
242,2008,2520,D.J. Hall,D.J.,,Hall,,DEV,WR,WR,HAL279675,00-0026135,,1830,Alabama,6-2,195,http://static.nfl.com/static/content/public/static/img/fantasy/transparent/200x200/HAL279675.png,http://www.nfl.com/player/d.j.hall/242/profile,1986-07-18,
244,2008,610,Vince Hall,Vince,Larry,Hall,,DEV,LB,OLB,HAL558643,00-0026137,Kingsville, TX,5859,Virginia Tech,5-11,239,http://static.nfl.com/static/content/public/static/img/fantasy/transparent/200x200/HAL558643.png,http://www.nfl.com/player/vincehall/244/profile,1984-12-03,
246,2008,2200,Mike Hart,Mike,Michael,Hart,,RES,RB,RB,HAR690631,00-0026342,Syracuse, NY,1839,Michigan,5-9,206,http://static.nfl.com/static/content/public/static/img/fantasy/transparent/200x200/HAR690631.png,http://www.nfl.com/player/mikehart/246/profile,1986-04-09,32
246,2009,2200,Mike Hart,Mike,Michael,Hart,,ACT,RB,RB,HAR690631,00-0026342,Syracuse, NY,1839,Michigan,5-9,206,http://static.nfl.com/static/content/public/static/img/fantasy/transparent/200x200/HAR690631.png,http://www.nfl.com/player/mikehart/246/profile,1986-04-09,32
246,2010,2200,Mike Hart,Mike,Michael,Hart,,ACT,RB,RB,HAR690631,00-0026342,Syracuse, NY,1839,Michigan,5-9,206,http://static.nfl.com/static/content/public/static/img/fantasy/transparent/200x200/HAR690631.png,http://www.nfl.com/player/mikehart/246/profile,1986-04-09,32
248,2008,2100,Lavelle Hawkins,Lavelle,Lamar,Hawkins,,ACT,WR,WR,HAW442308,00-0026266,Stockton, CA,4833,California,5-11,190,http://static.nfl.com/static/content/public/static/img/fantasy/transparent/200x200/HAW442308.png,http://www.nfl.com/player/lavellehawkins/248/profile,1986-07-12,87
248,2009,2100,Lavelle Hawkins,Lavelle,Lamar,Hawkins,,ACT,WR,WR,HAW442308,00-0026266,Stockton, CA,4833,California,5-11,190,http://static.nfl.com/static/content/public/static/img/fantasy/transparent/200x200/HAW442308.png,http://www.nfl.com/player/lavellehawkins/248/profile,1986-07-12,87
248,2010,2100,Lavelle Hawkins,Lavelle,Lamar,Hawkins,,ACT,WR,WR,HAW442308,00-0026266,Stockton, CA,4833,California,5-11,194,http://static.nfl.com/static/content/public/static/img/fantasy/transparent/200x200/HAW442308.png,http://www.nfl.com/player/lavellehawkins/248/profile,1986-07-12,87
248,2011,2100,Lavelle Hawkins,Lavelle,Lamar,Hawkins,,ACT,WR,WR,HAW442308,00-0026266,Stockton, CA,4833,California,5-11,194,http://static.nfl.com/static/content/public/static/img/fantasy/transparent/200x200/HAW442308.png,http://www.nfl.com/player/lavellehawkins/248/profile,1986-07-12,87
248,2012,2100,Lavelle Hawkins,Lavelle,Lamar,Hawkins,,ACT,WR,WR,HAW442308,00-0026266,Stockton, CA,4833,California,5-11,194,http://static.nfl.com/static/content/public/static/img/fantasy/transparent/200x200/HAW442308.png,http://www.nfl.com/player/lavellehawkins/248/profile,1986-07-12,87
248,2013,4400,Lavelle Hawkins,Lavelle,Lamar,Hawkins,,ACT,WR,WR,HAW442308,00-0026266,Stockton, CA,4833,California,5-11,194,http://static.nfl.com/static/content/public/static/img/fantasy/transparent/200x200/HAW442308.png,http://www.nfl.com/player/lavellehawkins/248/profile,1986-07-12,10
248,2014,4900,Lavelle Hawkins,Lavelle,Lamar,Hawkins,,CUT,WR,WR,HAW442308,00-0026266,Stockton, CA,4833,California,5-11,194,http://static.nfl.com/static/content/public/static/img/fantasy/transparent/200x200/HAW442308.png,http://www.nfl.com/player/lavellehawkins/248/profile,1986-07-12,15
250,2008,2700,Joey Haynos,Joey,Michael,Haynos,,ACT,TE,TE,HAY750214,00-0026026,Silver Spring, MD,5814,Maryland,6-7,266,http://static.nfl.com/static/content/public/static/img/fantasy/transparent/200x200/HAY750214.png,http://www.nfl.com/player/joeyhaynos/250/profile,1984-08-28,81
250,2009,2700,Joey Haynos,Joey,Michael,Haynos,,ACT,TE,TE,HAY750214,00-0026026,Silver Spring, MD,5814,Maryland,6-8,270,http://static.nfl.com/static/content/public/static/img/fantasy/transparent/200x200/HAY750214.png,http://www.nfl.com/player/joeyhaynos/250/profile,1984-08-28,81
250,2010,2700,Joey Haynos,Joey,Michael,Haynos,,RES,TE,TE,HAY750214,00-0026026,Silver Spring, MD,5814,Maryland,6-8,270,http://static.nfl.com/static/content/public/static/img/fantasy/transparent/200x200/HAY750214.png,http://www.nfl.com/player/joeyhaynos/250/profile,1984-08-28,81
250,2011,2250,Joey Haynos,Joey,Michael,Haynos,,CUT,TE,TE,HAY750214,00-0026026,Silver Spring, MD,5814,Maryland,6-8,270,http://static.nfl.com/static/content/public/static/img/fantasy/transparent/200x200/HAY750214.png,http://www.nfl.com/player/joeyhaynos/250/profile,1984-08-28,81
250,2012,2100,Joey Haynos,Joey,Michael,Haynos,,CUT,TE,TE,HAY750214,00-0026026,Silver Spring, MD,5814,Maryland,6-8,270,http://static.nfl.com/static/content/public/static/img/fantasy/transparent/200x200/HAY750214.png,http://www.nfl.com/player/joeyhaynos/250/profile,1984-08-28,44
252,2008,2700,Chad Henne,Chad,Steven,Henne,,ACT,QB,QB,HEN507580,00-0026197,Wyomissing, PA,1839,Michigan,6-3,230,http://static.nfl.com/static/content/public/static/img/fantasy/transparent/200x200/HEN507580.png,http://www.nfl.com/player/chadhenne/252/profile,1985-07-02,7
252,2009,2700,Chad Henne,Chad,Steven,Henne,,ACT,QB,QB,HEN507580,00-0026197,Wyomissing, PA,1839,Michigan,6-3,230,http://static.nfl.com/static/content/public/static/img/fantasy/transparent/200x200/HEN507580.png,http://www.nfl.com/player/chadhenne/252/profile,1985-07-02,7
252,2010,2700,Chad Henne,Chad,Steven,Henne,,ACT,QB,QB,HEN507580,00-0026197,Wyomissing, PA,1839,Michigan,6-3,230,http://static.nfl.com/static/content/public/static/img/fantasy/transparent/200x200/HEN507580.png,http://www.nfl.com/player/chadhenne/252/profile,1985-07-02,7
252,2011,2700,Chad Henne,Chad,Steven,Henne,,RES,QB,QB,HEN507580,00-0026197,Wyomissing, PA,1839,Michigan,6-3,230,http://static.nfl.com/static/content/public/static/img/fantasy/transparent/200x200/HEN507580.png,http://www.nfl.com/player/chadhenne/252/profile,1985-07-02,7
252,2012,2250,Chad Henne,Chad,Steven,Henne,,ACT,QB,QB,HEN507580,00-0026197,Wyomissing, PA,1839,Michigan,6-3,230,http://static.nfl.com/static/content/public/static/img/fantasy/transparent/200x200/HEN507580.png,http://www.nfl.com/player/chadhenne/252/profile,1985-07-02,7
252,2013,2250,Chad Henne,Chad,Steven,Henne,,ACT,QB,QB,HEN507580,00-0026197,Wyomissing, PA,1839,Michigan,6-3,230,http://static.nfl.com/static/content/public/static/img/fantasy/transparent/200x200/HEN507580.png,http://www.nfl.com/player/chadhenne/252/profile,1985-07-02,7
252,2014,2250,Chad Henne,Chad,Steven,Henne,,ACT,QB,QB,HEN507580,00-0026197,Wyomissing, PA,1839,Michigan,6-3,230,http://static.nfl.com/static/content/public/static/img/fantasy/transparent/200x200/HEN507580.png,http://www.nfl.com/player/chadhenne/252/profile,1985-07-02,7
252,2015,2250,Chad Henne,Chad,Steven,Henne,,ACT,QB,QB,HEN507580,00-0026197,Wyomissing, PA,1839,Michigan,6-3,220,http://static.nfl.com/static/content/public/static/img/fantasy/transparent/200x200/HEN507580.png,http://www.nfl.com/player/chadhenne/252/profile,1985-07-02,7
252,2016,2250,Chad Henne,Chad,Steven,Henne,,ACT,QB,QB,HEN507580,00-0026197,Wyomissing, PA,1839,Michigan,6-3,219,http://static.nfl.com/static/content/public/static/img/fantasy/transparent/200x200/HEN507580.png,http://www.nfl.com/player/chadhenne/252/profile,1985-07-02,7
252,2017,2250,Chad Henne,Chad,Steven,Henne,,ACT,QB,QB,HEN507580,00-0026197,Wyomissing, PA,1839,Michigan,6-3,222,http://static.nfl.com/static/content/public/static/img/fantasy/transparent/200x200/HEN507580.png,http://www.nfl.com/player/chadhenne/252/profile,1985-07-02,7
252,2018,2310,Chad Henne,Chad,Steven,Henne,,ACT,QB,QB,HEN507580,00-0026197,Wyomissing, PA,1839,Michigan,6-3,222,http://static.nfl.com/static/content/public/static/img/fantasy/transparent/200x200/HEN507580.png,http://www.nfl.com/player/chadhenne/252/profile,1985-07-02,4
252,2019,2310,Chad Henne,Chad,Steven,Henne,,ACT,QB,QB,HEN507580,00-0026197,Wyomissing, PA,1839,Michigan,6-3,222,http://static.nfl.com/static/content/public/static/img/fantasy/transparent/200x200/HEN507580.png,http://www.nfl.com/player/chadhenne/252/profile,1985-07-02,4
254,2008,3800,Ali Highsmith,Ali,Louis,Highsmith,,RES,LB,OLB,HIG617342,00-0025932,Miami, FL,6373,LSU,6-1,223,http://static.nfl.com/static/content/public/static/img/fantasy/transparent/200x200/HIG617342.png,http://www.nfl.com/player/alihighsmith/254/profile,1985-01-20,95
254,2009,3800,Ali Highsmith,Ali,Louis,Highsmith,,DEV,LB,ILB,HIG617342,00-0025932,Miami, FL,6373,LSU,6-1,230,http://static.nfl.com/static/content/public/static/img/fantasy/transparent/200x200/HIG617342.png,http://www.nfl.com/player/alihighsmith/254/profile,1985-01-20,95
256,2008,2700,Lex Hilliard,Lex,Douglas,Hilliard,,DEV,RB,RB,HIL720361,00-0026344,Kalispell, MT,4489,Montana,5-11,230,http://static.nfl.com/static/content/public/static/img/fantasy/transparent/200x200/HIL720361.png,http://www.nfl.com/player/lexhilliard/256/profile,1984-07-30,
256,2009,2700,Lex Hilliard,Lex,Douglas,Hilliard,,ACT,RB,RB,HIL720361,00-0026344,Kalispell, MT,4489,Montana,5-11,240,http://static.nfl.com/static/content/public/static/img/fantasy/transparent/200x200/HIL720361.png,http://www.nfl.com/player/lexhilliard/256/profile,1984-07-30,26
256,2010,2700,Lex Hilliard,Lex,Douglas,Hilliard,,ACT,RB,RB,HIL720361,00-0026344,Kalispell, MT,4489,Montana,5-11,240,http://static.nfl.com/static/content/public/static/img/fantasy/transparent/200x200/HIL720361.png,http://www.nfl.com/player/lexhilliard/256/profile,1984-07-30,26
256,2011,2700,Lex Hilliard,Lex,Douglas,Hilliard,,ACT,RB,FB,HIL720361,00-0026344,Kalispell, MT,4489,Montana,5-11,240,http://static.nfl.com/static/content/public/static/img/fantasy/transparent/200x200/HIL720361.png,http://www.nfl.com/player/lexhilliard/256/profile,1984-07-30,26
256,2012,3430,Lex Hilliard,Lex,Douglas,Hilliard,,ACT,RB,FB,HIL720361,00-0026344,Kalispell, MT,4489,Montana,5-11,240,http://static.nfl.com/static/content/public/static/img/fantasy/transparent/200x200/HIL720361.png,http://www.nfl.com/player/lexhilliard/256/profile,1984-07-30,36
256,2013,3430,Lex Hilliard,Lex,Douglas,Hilliard,,RES,RB,FB,HIL720361,00-0026344,Kalispell, MT,4489,Montana,5-11,235,http://static.nfl.com/static/content/public/static/img/fantasy/transparent/200x200/HIL720361.png,http://www.nfl.com/player/lexhilliard/256/profile,1984-07-30,36
258,2008,3900,Tony Hills,Tony,Tremaine,Hills,,ACT,OL,T,HIL752673,00-0026270,Dallas, TX,6882,Texas,6-5,304,http://static.nfl.com/static/content/public/static/img/fantasy/transparent/200x200/HIL752673.png,http://www.nfl.com/player/tonyhills/258/profile,1984-11-04,66
258,2009,3900,Tony Hills,Tony,Tremaine,Hills,,ACT,OL,T,HIL752673,00-0026270,Dallas, TX,6882,Texas,6-5,304,http://static.nfl.com/static/content/public/static/img/fantasy/transparent/200x200/HIL752673.png,http://www.nfl.com/player/tonyhills/258/profile,1984-11-04,66
258,2010,3900,Tony Hills,Tony,Tremaine,Hills,,ACT,OL,T,HIL752673,00-0026270,Dallas, TX,6882,Texas,6-5,304,http://static.nfl.com/static/content/public/static/img/fantasy/transparent/200x200/HIL752673.png,http://www.nfl.com/player/tonyhills/258/profile,1984-11-04,66